LASS,CASS
LASS,MASS
LASS,PASS
LASS,BASS
OPAL,ZEAL,REAL
OPAL,ZEAL,HEAL
OPAL,ZEAL,PEAL
OPAL,ZEAL,TEAL
OPAL,ZEAL,WEAL
OPAL,ZEAL,BEAL
OPAL,ZEAL,NEAL
OPAL,ZEAL,GEAL
OPAL,ZEAL,MEAL
OPAL,ZEAL,DEAL
OPAL,ZEAL,SEAL
OPAL,ZEAL,LEAL
OPAL,ZEAL,FEAL
OPAL,ZEAL
OPAL,ZEAL,VEAL
-ENT,VENT
-ENT,TENT
-ENT,PENT
-ENT,MENT
-ENT,RENT
-ENT,DENT
-ENT,WENT
-ENT,SENT
-ENT,BENT
-ENT,LENT
-ENT,HENT
LASH,FASH
LASH,PASH
LASH,RASH
LASH,CASH
LASH,WASH
LASH,MASH
LASH,HASH
LASH,DASH
LASH,BASH
LASH,SASH
LASH,GASH
LASH,NASH
LASK,PASK
LASK,MASK
LASK,HASK
LASK,BASK
LASK,CASK
TRAM,DRAM
TRAM,CRAM
TRAM,GRAM
LIMA,RIMA
LIMA,CIMA
LIMA,SIMA
OSAR,TSAR
BIRT,GIRT
BIRT,DIRT
BIRT,SIRT
BIRK,FIRK
BIRK,DIRK
BIRK,MIRK
EIRE,HIRE
EIRE,GIRE
EIRE,TIRE
EIRE,VIRE
EIRE,FIRE
EIRE,MIRE
EIRE,SIRE
UVIC,ZOIC
ERGO,ARGO
TERN,YERN
TERN,HERN
TERN,PERN
TERN,FERN
TERN,DERN
TERN,WERN
TERN,GERN
HEAT,NEAT
HEAT,PEAT
HEAT,SEAT
HEAT,TEAT
HEAT,BEAT
HEAT,GEAT
HEAT,MEAT
HEAT,JEAT
HEAT,FEAT
HEAT,LEAT
OBBE,ABBE
HIGH,EIGH
HIGH,TIGH
HIGH,NIGH
LANE,ZONE,BONE
LANE,ZONE,DONE
LANE,ZONE,CONE
LANE,ZONE,MONE
LANE,ZONE,NONE
LANE,ZONE,PONE
LANE,MANE
LANE,ZONE,FONE
LANE,WANE
LANE,ZONE,HONE
LANE,ZONE
LANE,DANE
LANE,GANE
LANE,ZONE,TONE
LANE,ZONE,GONE
LANE,FANE
LANE,ZONE,WONE
LANE,ZONE,LONE
LANE,PANE
LANE,VANE
LANE,BANE
LANT,JANT
LANT,CANT
LANT,TANT
LANT,WANT
LANT,RANT
LANT,VANT
SOCK,NOCK
SOCK,COCK
SOCK,HOCK
SOCK,ROCK
SOCK,POCK
SOCK,MOCK
SOCK,LOCK
SOCK,DOCK
LIVE,RIVE
LIVE,VIVE
LIVE,FIVE
LIVE,WIVE
LIVE,GIVE
LIVE,HIVE
LIVE,YIVE
LIVE,CIVE
PIAN,DIAN
BIRL,GIRL
BIRL,DIRL
BIRD,GIRD
RIVE,VIVE
RIVE,FIVE
RIVE,WIVE
RIVE,GIVE
RIVE,HIVE
RIVE,YIVE
RIVE,CIVE
SOLA,COLA
SOLA,TOLA
SOLA,MOLA
HINE,RINE
HINE,ZONE,BONE
HINE,ZONE,DONE
HINE,PINE
HINE,DINE
HINE,ZONE,CONE
HINE,ZONE,MONE
HINE,NINE
HINE,MINE
HINE,ZONE,NONE
HINE,BINE
HINE,ZONE,PONE
HINE,FINE
HINE,ZONE,FONE
HINE,ZONE,HONE
HINE,SINE
HINE,ZONE
HINE,ZONE,TONE
HINE,TINE
HINE,ZONE,GONE
HINE,ZONE,WONE
HINE,ZONE,LONE
HINE,LINE
RODE,WODE
RODE,MODE
RODE,BODE
RODE,LODE
RODE,YODE
RODE,GODE
RODY,MODY
RODY,BODY
RODY,TODY
PECK,SECK
PECK,RECK
PECK,DECK
PECK,NECK
PECK,GECK
PECK,BECK
PECK,HECK
FRIT,WRIT
FRIT,GRIT
FRIM,ZAIM,SAIM
FRIM,URIM
FRIM,BRIM
FRIM,PRIM
FRIM,TRIM
FRIM,GRIM
FRIM,ZAIM
SIZE,CIZE
PROP,DROP
PROP,CROP
NALE,EALE
NALE,PALE
NALE,RALE
NALE,GALE
NALE,MALE
NALE,TALE
NALE,VALE
NALE,BALE
NALE,SALE
NALE,HALE
NALE,WALE
NALL,CALL
NALL,PALL
NALL,GALL
NALL,TALL
NALL,BALL
NALL,MALL
NALL,WALL
DRAM,CRAM
DRAM,GRAM
PLEY,GLEY
PLEY,SLEY
OOZY,COZY
OOZY,TOZY
OOZY,DOZY
OOZY,FOZY
GETH,METH
YUCK,RUCK
YUCK,LUCK
YUCK,HUCK
YUCK,DUCK
YUCK,BUCK
YUCK,TUCK
YUCK,PUCK
YUCK,MUCK
ALOE,FLOE
ALOE,SLOE
REAL,HEAL
REAL,PEAL
REAL,TEAL
REAL,WEAL
REAL,BEAL
REAL,NEAL
REAL,GEAL
REAL,MEAL
REAL,DEAL
REAL,SEAL
REAL,LEAL
REAL,FEAL
REAL,ZEAL
REAL,VEAL
REAP,NEAP
REAP,LEAP
REAR,SEAR
REAR,MEAR
REAR,TEAR
REAR,YEAR
REAR,PEAR
REAR,DEAR
REAR,BEAR
REAR,NEAR
REAR,GEAR
REAR,WEAR
REAR,FEAR
REAR,LEAR
POWP,HOWP
ITCH,ETCH
ZETA,BETA
ZETA,SETA
PIED,LIED
SUET,QUET
SUET,TUET
SUET,PUET
SUET,DUET
ENOW,GNOW
ENOW,SNOW
HEAL,PEAL
HEAL,TEAL
HEAL,WEAL
HEAL,BEAL
HEAL,NEAL
HEAL,GEAL
HEAL,MEAL
HEAL,DEAL
HEAL,SEAL
HEAL,LEAL
HEAL,FEAL
HEAL,ZEAL
HEAL,VEAL
HEAM,REAM
HEAM,SEAM
HEAM,TEAM
HEAM,BEAM
HEAM,LEAM
GASP,JASP
GASP,HASP
GASP,WASP
NERE,CERE
NERE,HERE
NERE,BERE
NERE,LERE
NERE,PERE
NERE,SERE
NERE,MERE
NERE,DERE
NERE,WERE
NERE,FERE
NERE,GERE
PATE,CATE
PATE,SATE
PATE,FATE
PATE,RATE
PATE,YATE
PATE,GATE
PATE,DATE
PATE,BATE
PATE,MATE
PATE,HATE
PINT,MINT
PINT,FINT
PINT,OINT
PINT,HINT
PINT,DINT
PINT,TINT
PLOT,BLOT
PLOT,SLOT
PLOT,CLOT
PLOP,SLOP
PLOP,FLOP
RETE,HETE
RETE,METE
RETE,LETE
RETE,CETE
RETE,TETE
RETE,BETE
RETE,FETE
EYER,TYER
EYER,OYER
EYER,DYER
SAFE,CAFE
GUMP,HUMP
GUMP,SUMP
GUMP,TUMP
GUMP,PUMP
GUMP,DUMP
GUMP,BUMP
GUMP,JUMP
GUMP,LUMP
RUCK,LUCK
RUCK,HUCK
RUCK,DUCK
RUCK,BUCK
RUCK,TUCK
RUCK,PUCK
RUCK,MUCK
RUNG,LUNG
RUNG,SUNG
RUNG,HUNG
RUNG,MUNG
RUNG,BUNG
RUNG,PUNG
RUNG,DUNG
CATA,ZETA,BETA
CATA,RATA
CATA,ZETA,SETA
CATA,DATA
CATE,SATE
CATE,FATE
CATE,RATE
CATE,YATE
CATE,GATE
CATE,DATE
CATE,BATE
CATE,MATE
CATE,HATE
WOKE,SOKE
WOKE,YOKE
WOKE,COKE
WOKE,BOKE
WOKE,ROKE
WOKE,POKE
WOKE,MOKE
WOKE,LOKE
WOKE,JOKE
WAUR,GAUR
